{
    "model_name": "delivery_time_prediction_model",
    "model_path": "F:\\machine-learning-\\Swiggy-Delivery-Time-Prediction\\models\\delivery_time_model.pkl",
    "metrics": {
        "train_mae": 2.934491165351393,
        "test_mae": 3.1073441649177296,
        "train_r2": 0.848002661448277,
        "test_r2": 0.8288737094992509,
        "mean_cv_score": 3.141159506165456,
        "cv_scores": [
            3.08478524539858,
            3.1744338991170378,
            3.1569410347248663,
            3.1796348795711276,
            3.110002472015669
        ]
    }
}